group,conversion,ci_low,ci_high
Control,0.017034951662594285,0.01646019694125973,0.017629415854750707
Treatment,0.024425500370644924,0.023738919716333934,0.02513142723588107
