stage,control_rate,treatment_rate
Cart,0.015,0.0185
Purchase,0.017034951662594285,0.024425500370644924
